2436,2.31,-1.01,-9.53,-0.0011,0.0000,0.0000
2551,2.25,-0.96,-9.53,-0.0005,0.0024,-0.0029
2666,2.24,-0.98,-9.50,0.0003,0.0037,0.0005
2781,2.28,-0.94,-9.53,0.0016,0.0003,0.0011
2896,2.30,-0.98,-9.53,0.0019,-0.0019,-0.0013
3012,2.31,-0.96,-9.53,-0.0019,-0.0029,-0.0037
3127,2.30,-0.99,-9.53,0.0027,0.0019,-0.0008
3242,2.31,-0.95,-9.56,-0.0027,-0.0003,-0.0005
3357,2.30,-0.97,-9.51,0.0045,0.0051,-0.0011
3473,2.27,-0.98,-9.53,-0.0005,0.0016,-0.0029
3588,2.32,-0.96,-9.56,-0.0003,-0.0045,-0.0021
3704,2.30,-0.95,-9.54,0.0027,0.0024,-0.0053
3819,2.30,-0.98,-9.53,0.0021,-0.0013,-0.0032
3934,2.28,-0.98,-9.56,0.0005,0.0019,-0.0005
4049,2.30,-0.99,-9.53,0.0005,-0.0029,-0.0029
4164,2.30,-0.96,-9.53,-0.0005,0.0024,-0.0011
4279,2.28,-1.02,-9.50,-0.0011,0.0029,-0.0024
4394,2.31,-0.95,-9.53,0.0021,-0.0011,-0.0032
4509,2.30,-0.95,-9.53,-0.0016,0.0019,-0.0045
4624,2.29,-0.96,-9.52,0.0053,0.0024,-0.0016
4740,2.34,-0.96,-9.53,0.0011,0.0048,-0.0035
4855,2.30,-1.00,-9.52,-0.0003,0.0069,-0.0013
4971,2.28,-0.96,-9.54,0.0032,0.0053,0.0003
5086,2.32,-0.98,-9.51,-0.0021,0.0051,-0.0011
5201,2.30,-0.96,-9.56,0.0005,-0.0003,-0.0035
5316,2.31,-0.96,-9.56,0.0040,0.0048,-0.0037
5431,2.28,-0.96,-9.54,0.0013,0.0003,-0.0040
5546,2.29,-0.96,-9.51,0.0008,0.0032,-0.0024
5662,2.32,-0.93,-9.50,0.0043,-0.0008,-0.0003
5776,2.31,-0.98,-9.53,0.0003,0.0011,-0.0021
5892,2.30,-0.96,-9.54,-0.0027,-0.0013,-0.0027
6007,2.26,-0.98,-9.52,0.0024,0.0013,-0.0048
6123,2.27,-1.00,-9.56,0.0011,0.0003,-0.0021
6238,2.26,-0.95,-9.51,0.0059,0.0021,-0.0035
6353,2.30,-0.97,-9.56,-0.0008,0.0013,-0.0013
6468,2.31,-1.00,-9.56,0.0008,0.0003,-0.0021
6583,2.29,-0.98,-9.52,-0.0005,0.0016,-0.0021
6699,2.30,-0.98,-9.52,0.0013,0.0008,-0.0027
6814,2.28,-0.99,-9.56,0.0013,-0.0021,-0.0019
6930,2.31,-0.93,-9.54,-0.0037,-0.0011,-0.0027
7045,2.31,-1.01,-9.53,-0.0005,0.0024,0.0011
7159,2.29,-0.98,-9.53,0.0008,-0.0011,-0.0029
7275,2.34,-0.96,-9.52,0.0029,0.0029,-0.0024
7390,2.30,-0.95,-9.51,0.0005,0.0029,-0.0048
7505,2.30,-0.96,-9.55,0.0035,-0.0027,-0.0013
7619,2.31,-0.96,-9.55,0.0016,0.0005,-0.0019
7734,2.31,-0.97,-9.53,0.0021,-0.0035,-0.0008
7850,2.28,-0.95,-9.53,-0.0019,0.0011,-0.0021
7964,2.30,-0.98,-9.58,0.0037,0.0016,-0.0005
8079,2.33,-0.91,-9.53,-0.0005,0.0013,-0.0016
8195,2.31,-0.99,-9.52,0.0011,0.0011,-0.0035
8310,2.30,-0.97,-9.53,0.0029,-0.0003,-0.0013
8425,2.31,-0.95,-9.57,0.0008,-0.0024,-0.0043
8541,2.34,-0.98,-9.52,-0.0029,-0.0003,-0.0032
8655,2.29,-0.97,-9.53,0.0013,0.0011,-0.0021
8771,2.31,-0.98,-9.51,0.0067,0.0056,-0.0019
8886,2.31,-0.93,-9.55,0.0035,0.0013,-0.0021
9001,2.30,-0.98,-9.53,-0.0003,0.0003,0.0005
9116,2.27,-0.98,-9.53,0.0021,-0.0016,-0.0024
9231,2.31,-0.98,-9.56,0.0013,-0.0011,0.0005
9346,2.31,-0.98,-9.52,0.0032,0.0019,-0.0024
9461,2.27,-0.94,-9.52,0.0016,0.0021,-0.0024
9577,2.32,-0.92,-9.52,0.0008,0.0043,-0.0021
9693,2.26,-0.98,-9.53,-0.0016,0.0005,-0.0021
9808,2.31,-0.99,-9.55,0.0024,-0.0003,0.0000
9923,2.28,-0.96,-9.53,0.0024,0.0008,0.0013
10038,2.25,-0.97,-9.52,0.0019,-0.0027,-0.0008
10153,2.28,-0.99,-9.54,0.0003,-0.0016,-0.0011
10267,2.28,-0.90,-9.56,0.0011,0.0008,-0.0011
10382,2.33,-0.97,-9.52,-0.0008,0.0008,-0.0029
10495,2.28,-0.94,-9.54,0.0005,-0.0003,-0.0032
10609,2.27,-0.94,-9.48,0.0008,-0.0008,0.0011
10723,2.32,-0.95,-9.53,-0.0013,-0.0008,-0.0013
10837,2.29,-0.98,-9.50,0.0008,0.0016,-0.0008
10951,2.35,-0.96,-9.55,0.0027,0.0040,-0.0013
11065,2.28,-0.96,-9.53,-0.0024,0.0051,-0.0037
11178,2.30,-0.98,-9.54,-0.0008,0.0027,-0.0024
11292,2.31,-0.94,-9.55,0.0003,-0.0019,-0.0013
11405,2.28,-0.98,-9.53,-0.0003,0.0005,-0.0019
11519,2.32,-0.98,-9.53,0.0011,-0.0029,-0.0008
11634,2.29,-0.97,-9.54,-0.0005,-0.0029,-0.0013
11748,2.27,-0.97,-9.56,-0.0013,-0.0024,-0.0027
11861,2.30,-0.93,-9.53,0.0032,0.0037,-0.0016
11975,2.28,-0.95,-9.54,-0.0032,0.0027,-0.0053
12089,2.31,-0.95,-9.55,0.0011,0.0021,-0.0048
12203,2.30,-0.93,-9.56,0.0003,0.0008,0.0008
12317,2.32,-0.96,-9.53,0.0013,0.0016,0.0000
12430,2.27,-0.96,-9.56,0.0032,-0.0011,-0.0013
12545,2.33,-0.96,-9.49,0.0021,-0.0005,-0.0008
12659,2.28,-1.00,-9.51,0.0053,0.0032,-0.0011
12773,2.29,-1.01,-9.56,0.0032,0.0056,-0.0013
12888,2.29,-0.96,-9.54,-0.0016,-0.0024,-0.0037
13001,2.26,-1.01,-9.51,0.0011,0.0056,-0.0019
13115,2.26,-0.95,-9.53,0.0008,0.0000,-0.0027
13229,2.27,-0.98,-9.54,0.0011,-0.0005,-0.0019
13343,2.31,-0.98,-9.53,0.0029,0.0032,-0.0032
13457,2.29,-0.94,-9.53,0.0013,0.0011,-0.0043
13570,2.31,-0.91,-9.52,0.0027,0.0019,-0.0008
13684,2.28,-0.95,-9.50,0.0016,-0.0013,-0.0027
13798,2.32,-0.93,-9.56,-0.0011,0.0040,0.0000
13912,2.28,-0.98,-9.54,-0.0011,-0.0024,-0.0024
14027,2.25,-0.98,-9.53,-0.0011,0.0013,0.0011
14141,2.28,-0.91,-9.51,0.0003,0.0008,-0.0008
14254,2.28,-0.96,-9.51,-0.0013,-0.0040,-0.0029
14368,2.34,-0.93,-9.52,-0.0019,0.0003,-0.0027
14482,2.30,-0.98,-9.54,0.0035,0.0029,-0.0016
14595,2.33,-0.94,-9.52,-0.0011,-0.0027,-0.0021
14709,2.29,-0.98,-9.53,0.0016,0.0035,-0.0008
14822,2.27,-0.98,-9.53,0.0016,0.0016,-0.0013
14937,2.29,-0.96,-9.53,-0.0016,0.0037,-0.0005
15050,2.30,-0.94,-9.51,-0.0013,0.0011,0.0029
15165,2.28,-0.96,-9.53,0.0003,-0.0008,-0.0048
15278,2.34,-0.93,-9.51,0.0008,-0.0029,-0.0008
15392,2.34,-0.95,-9.51,0.0003,0.0008,-0.0011
15506,2.29,-0.94,-9.53,0.0011,0.0005,-0.0003
15620,2.31,-0.96,-9.53,0.0016,-0.0003,-0.0003
15734,2.28,-0.97,-9.54,-0.0003,0.0021,-0.0032
15848,2.28,-0.98,-9.53,0.0005,-0.0032,-0.0037
15961,2.29,-0.96,-9.52,-0.0024,0.0029,-0.0019
16075,2.33,-0.99,-9.53,0.0027,0.0005,-0.0003
16190,2.30,-0.98,-9.53,0.0016,0.0016,0.0008
16303,2.33,-0.92,-9.56,0.0005,0.0008,0.0013
16417,2.30,-0.93,-9.52,0.0008,-0.0011,0.0008
16531,2.34,-0.96,-9.53,0.0000,-0.0021,-0.0027
16645,2.28,-0.96,-9.56,-0.0029,0.0013,-0.0040
16760,2.28,-0.96,-9.50,0.0019,-0.0008,0.0000
16874,2.29,-0.96,-9.51,-0.0029,0.0032,-0.0027
16988,2.33,-0.94,-9.55,0.0011,-0.0035,0.0016
17102,2.32,-0.93,-9.55,0.0024,0.0008,-0.0043
17216,2.31,-0.98,-9.53,-0.0005,-0.0032,-0.0016
17330,2.32,-0.93,-9.51,-0.0021,0.0040,-0.0043
17444,2.28,-0.96,-9.54,0.0016,0.0024,-0.0040
17558,2.29,-0.98,-9.53,-0.0011,0.0037,-0.0019
17672,2.34,-0.95,-9.53,-0.0013,0.0008,-0.0003
17787,2.29,-0.94,-9.50,0.0011,-0.0008,-0.0021
17900,2.30,-0.95,-9.54,0.0016,0.0024,-0.0016
18014,2.30,-0.98,-9.50,0.0000,0.0008,-0.0013
18128,2.28,-0.97,-9.53,0.0035,0.0021,-0.0011
18241,2.34,-0.98,-9.50,0.0003,0.0011,0.0000
18356,2.27,-0.96,-9.56,-0.0024,0.0037,-0.0016
18470,2.33,-1.00,-9.53,0.0003,0.0019,-0.0013
18584,2.31,-0.93,-9.54,0.0029,-0.0019,0.0016
18698,2.28,-0.98,-9.51,0.0037,0.0035,-0.0005
18812,2.34,-0.96,-9.51,-0.0051,-0.0021,0.0005
18926,2.29,-0.96,-9.55,0.0016,0.0003,-0.0019
19040,2.27,-0.98,-9.55,0.0045,-0.0029,-0.0019
19155,2.28,-1.00,-9.51,-0.0027,0.0000,-0.0019
19269,2.30,-0.97,-9.53,0.0035,0.0029,-0.0011
19382,2.28,-0.98,-9.55,0.0072,0.0021,-0.0035
19496,2.28,-0.96,-9.53,-0.0016,0.0000,-0.0024
19610,2.29,-0.96,-9.55,0.0011,0.0011,-0.0021
19724,2.27,-0.96,-9.53,0.0019,0.0040,0.0013
19838,2.29,-0.98,-9.52,-0.0003,-0.0011,0.0000
19952,2.28,-0.98,-9.56,0.0005,0.0000,-0.0021
20066,2.32,-0.96,-9.53,0.0019,0.0013,-0.0024
20180,2.28,-0.93,-9.54,0.0032,-0.0043,0.0000
20293,2.29,-0.98,-9.54,-0.0019,0.0016,-0.0037
20408,2.28,-0.93,-9.51,0.0035,0.0016,-0.0051
20521,2.31,-0.95,-9.54,0.0027,0.0003,-0.0021
20635,2.28,-0.96,-9.52,0.0037,0.0000,-0.0024
20750,2.31,-0.96,-9.51,-0.0019,0.0032,-0.0011
20864,2.30,-0.98,-9.52,-0.0019,0.0021,0.0003
20978,2.28,-0.96,-9.56,0.0011,-0.0029,0.0005
21092,2.30,-0.97,-9.55,0.0011,0.0027,-0.0029
21207,2.29,-0.98,-9.49,0.0008,0.0040,-0.0019
21320,2.28,-0.96,-9.54,0.0005,0.0021,-0.0011
21434,2.26,-0.98,-9.53,0.0040,0.0008,-0.0040
21548,2.26,-0.95,-9.54,-0.0013,0.0021,-0.0024
21661,2.31,-0.95,-9.53,-0.0008,0.0011,-0.0029
21775,2.25,-1.00,-9.53,0.0011,-0.0011,0.0027
21889,2.32,-0.97,-9.52,0.0053,0.0008,0.0003
22002,2.32,-0.97,-9.55,0.0008,0.0024,-0.0011
22116,2.31,-0.96,-9.53,0.0005,0.0029,-0.0016
22230,2.30,-0.96,-9.56,0.0005,0.0019,-0.0021
22343,2.31,-0.93,-9.56,0.0000,0.0043,-0.0027
22456,2.31,-0.96,-9.53,0.0029,-0.0013,-0.0016
22570,2.29,-0.95,-9.54,0.0011,0.0035,-0.0037
22684,2.31,-0.98,-9.53,-0.0008,0.0045,-0.0008
22798,2.30,-1.00,-9.54,-0.0011,-0.0021,-0.0003
22911,2.31,-0.98,-9.55,0.0032,0.0032,-0.0008
23024,2.27,-0.97,-9.54,0.0013,0.0043,-0.0016
23139,2.28,-0.96,-9.53,-0.0003,-0.0019,-0.0013
23252,2.31,-0.96,-9.55,0.0032,-0.0021,-0.0027
23366,2.32,-0.93,-9.52,-0.0013,0.0032,-0.0011
23481,2.32,-0.97,-9.51,0.0003,0.0000,-0.0019
